{
   "Panels" : [
      {
         "Pages" : [
            {
               "hasMore" : false,
               "results" : [
                  {
                     "isFavorite" : true,
                     "linkData" : {
                        "accountId" : "hi",
                        "active" : true,
                        "creatorName" : "Anarchie",
                        "linkType" : "Creative:Island",
                        "metadata" : {
                           "generated_image_urls" : {
                              "url" : "https://fortnite-island-screenshots-live-cdn.ol.epicgames.com/screenshots%2F4162-3997-6628.png",
                              "url_m" : "https://fortnite-island-screenshots-live-cdn.ol.epicgames.com/screenshots%2F4162-3997-6628_m.png",
                              "url_s" : "https://fortnite-island-screenshots-live-cdn.ol.epicgames.com/screenshots%2F4162-3997-6628_s.png"
                           },
                           "introduction" : "\n\n",
                           "islandType" : "CreativePlot:flatgrid_large",
                           "locale" : "en",
                           "matchmaking" : {
                              "bAllowJoinInProgress" : true,
                              "joinInProgressTeam" : 255,
                              "joinInProgressType" : "JoinImmediately",
                              "maximumNumberOfPlayers" : 1000,
                              "minimumNumberOfPlayers" : 1000,
                              "mmsPrivacy" : "Public",
                              "mmsType" : "keep_full",
                              "numberOfTeams" : 1,
                              "override_Playlist" : "",
                              "playerCount" : 1000,
                              "playersPerTeam" : 1000
                           },
                           "mode" : "live",
                           "supportCode" : "baum",
                           "tagline" : "hoi",
                           "title" : "RAREST ITEMS IN FN CREATIVE",
                           "youtube_video_id" : "434IAF6eaXQ"
                        },
                        "mnemonic" : "4162-3997-6628",
                        "version" : 157
                     }
                  }
               ]
            }
         ],
         "PanelName" : "Popular"
      }
   ],
   "TestCohorts" : [ "S17_10_7_1_1" ]
}
