{
  "_id": "storm",
  "created": "2020-01-01T11:10:13.470Z",
  "updated": "2020-08-04T19:30:07.409Z",
  "rvn": 627,
  "wipeNumber": 1,
  "accountId": "storm",
  "profileId": "campaign",
  "version": "fix_missing_alterations_for_val_march_2021",
  "items": {

  },
  "stats": {
    "attributes": {
      "node_costs": {
        "research_node_default_page": {
          "Token:collectionresource_nodegatetoken01": 3537002
        },
        "homebase_node_default_page": {
          "Token:homebasepoints": 9435858
        }
      },
      "use_random_loadout": false,
      "mission_alert_redemption_record": {
        "claimData": []
      },
      "rewards_claimed_post_max_level": 0,
      "selected_hero_loadout": "CampaignHeroLoadout:defaultloadout",
      "loadouts": [
        "CosmeticLocker:cosmeticlocker_stw",
        "CosmeticLocker:cosmeticlocker_stw_1"
      ],
      "collection_book": {
        "pages": [
          "CollectionBookPage:pageheroes_ninja",
          "CollectionBookPage:pageheroes_outlander",
          "CollectionBookPage:pageheroes_commando",
          "CollectionBookPage:pageheroes_constructor",
          "CollectionBookPage:pagepeople_defenders",
          "CollectionBookPage:pagepeople_leads",
          "CollectionBookPage:pagepeople_uniqueleads",
          "CollectionBookPage:pagepeople_survivors",
          "CollectionBookPage:pageranged_assault_weapons",
          "CollectionBookPage:pageranged_shotgun_weapons",
          "CollectionBookPage:page_ranged_pistols_weapons",
          "CollectionBookPage:pageranged_snipers_weapons",
          "CollectionBookPage:pageranged_shotgun_weapons_crystal",
          "CollectionBookPage:pageranged_assault_weapons_crystal",
          "CollectionBookPage:page_ranged_pistols_weapons_crystal",
          "CollectionBookPage:pageranged_snipers_weapons_crystal",
          "CollectionBookPage:pagetraps_wall",
          "CollectionBookPage:pagetraps_ceiling",
          "CollectionBookPage:pagetraps_floor",
          "CollectionBookPage:pagemelee_swords_weapons",
          "CollectionBookPage:pagemelee_swords_weapons_crystal",
          "CollectionBookPage:pagemelee_axes_weapons",
          "CollectionBookPage:pagemelee_axes_weapons_crystal",
          "CollectionBookPage:pagemelee_scythes_weapons",
          "CollectionBookPage:pagemelee_scythes_weapons_crystal",
          "CollectionBookPage:pagemelee_clubs_weapons",
          "CollectionBookPage:pagemelee_clubs_weapons_crystal",
          "CollectionBookPage:pagemelee_spears_weapons",
          "CollectionBookPage:pagemelee_spears_weapons_crystal",
          "CollectionBookPage:pagemelee_tools_weapons",
          "CollectionBookPage:pagemelee_tools_weapons_crystal",
          "CollectionBookPage:pageranged_explosive_weapons",
          "CollectionBookPage:pagespecial_springiton2018_people",
          "CollectionBookPage:pagespecial_chinesenewyear2018_heroes",
          "CollectionBookPage:pagespecial_weapons_chinesenewyear2018",
          "CollectionBookPage:pagespecial_weapons_crystal_chinesenewyear2018",
          "CollectionBookPage:pagespecial_stormzonecyber_heroes",
          "CollectionBookPage:pagespecial_stormzonecyber_ranged",
          "CollectionBookPage:pagespecial_stormzonecyber_melee",
          "CollectionBookPage:pagespecial_stormzonecyber_ranged_crystal",
          "CollectionBookPage:pagespecial_stormzonecyber_melee_crystal",
          "CollectionBookPage:pagespecial_blockbuster2018_heroes",
          "CollectionBookPage:pagespecial_blockbuster2018_ranged",
          "CollectionBookPage:pagespecial_blockbuster2018_ranged_crystal",
          "CollectionBookPage:pagespecial_roadtrip2018_heroes",
          "CollectionBookPage:pagespecial_roadtrip2018_weapons",
          "CollectionBookPage:pagespecial_roadtrip2018_weapons_crystal",
          "CollectionBookPage:pagespecial_hydraulic",
          "CollectionBookPage:pagespecial_hydraulic_crystal",
          "CollectionBookPage:pagespecial_stormzone_heroes",
          "CollectionBookPage:pagespecial_scavenger",
          "CollectionBookPage:pagespecial_scavenger_crystal",
          "CollectionBookPage:pagespecial_scavenger_heroes",
          "CollectionBookPage:pagespecial_halloween2017_heroes",
          "CollectionBookPage:pagespecial_halloween2017_workers",
          "CollectionBookPage:pagespecial_weapons_ranged_stormzone2",
          "CollectionBookPage:pagespecial_weapons_ranged_stormzone2_crystal",
          "CollectionBookPage:pagespecial_weapons_melee_stormzone2",
          "CollectionBookPage:pagespecial_weapons_melee_stormzone2_crystal",
          "CollectionBookPage:pagespecial_winter2017_heroes",
          "CollectionBookPage:pagespecial_weapons_ranged_winter2017",
          "CollectionBookPage:pagespecial_weapons_ranged_winter2017_crystal",
          "CollectionBookPage:pagespecial_weapons_melee_winter2017",
          "CollectionBookPage:pagespecial_weapons_melee_winter2017_crystal",
          "CollectionBookPage:pagespecial_winter2017_weapons",
          "CollectionBookPage:pagespecial_winter2017_weapons_crystal",
          "CollectionBookPage:pagespecial_ratrod_weapons",
          "CollectionBookPage:pagespecial_ratrod_weapons_crystal",
          "CollectionBookPage:pagespecial_weapons_ranged_medieval",
          "CollectionBookPage:pagespecial_weapons_ranged_medieval_crystal",
          "CollectionBookPage:pagespecial_weapons_melee_medieval",
          "CollectionBookPage:pagespecial_weapons_melee_medieval_crystal",
          "CollectionBookPage:pagespecial_shadowops_heroes",
          "CollectionBookPage:pagespecial_wildwest_heroes"
        ],
        "maxBookXpLevelAchieved": 100
      },
      "mfa_reward_claimed": true,
      "quest_manager": {
        "dailyLoginInterval": "2020-02-05T19:05:26.904Z",
        "dailyQuestRerolls": 1,
        "questPoolStats": {
          "poolStats": [
            {
              "poolName": "weeklyquestroll_09",
              "nextRefresh": "2020-01-16T00:00:00.000Z",
              "rerollsRemaining": 1,
              "questHistory": [
                "Quest:weeklyquest_tiered_completemissionalerts_t10"
              ]
            },
            {
              "poolName": "maydaydailyquest_01",
              "nextRefresh": "2020-01-19T16:10:14.532Z",
              "rerollsRemaining": 1,
              "questHistory": [
                "Quest:maydayquest_2019_daily_complete"
              ]
            },
            {
              "poolName": "stormkingdailyquest_01",
              "nextRefresh": "2020-02-06T19:05:26.904Z",
              "rerollsRemaining": 1,
              "questHistory": []
            },
            {
              "poolName": "holdfastdaily_part2_01",
              "nextRefresh": "2020-02-06T19:05:26.903Z",
              "rerollsRemaining": 0,
              "questHistory": [
                "Quest:s11_holdfastquest_d2_soldier",
                "Quest:s11_holdfastquest_d2_outlander",
                "Quest:s11_holdfastquest_d2_ninja",
                "Quest:s11_holdfastquest_d2_ninja",
                "Quest:s11_holdfastquest_d2_ninja",
                "Quest:s11_holdfastquest_d2_outlander",
                "Quest:s11_holdfastquest_d2_ninja",
                "Quest:s11_holdfastquest_d2_constructor",
                "Quest:s11_holdfastquest_d2_outlander"
              ]
            },
            {
              "poolName": "dailywargamesstonewood_01",
              "nextRefresh": "2020-02-06T19:05:26.902Z",
              "rerollsRemaining": 1,
              "questHistory": []
            },
            {
              "poolName": "weeklyquestroll_10",
              "nextRefresh": "2020-02-06T00:00:00.000Z",
              "rerollsRemaining": 1,
              "questHistory": [
                "Quest:weeklyquest_tiered_completemissionalerts_t12",
                "Quest:weeklyquest_tiered_completemissionalerts_t12",
                "Quest:weeklyquest_tiered_completemissionalerts_t11",
                "Quest:weeklyquest_tiered_completemissionalerts_t12",
                "Quest:weeklyquest_tiered_completemissionalerts_t11",
                "Quest:weeklyquest_tiered_completemissionalerts_t12",
                "Quest:weeklyquest_tiered_completemissionalerts_t11",
                "Quest:weeklyquest_tiered_completemissionalerts_t11",
                "Quest:weeklyquest_tiered_completemissionalerts_t11",
                "Quest:weeklyquest_tiered_completemissionalerts_t11",
                "Quest:weeklyquest_tiered_completemissionalerts_t11",
                "Quest:weeklyquest_tiered_completemissionalerts_t12",
                "Quest:weeklyquest_tiered_completemissionalerts_t12",
                "Quest:weeklyquest_tiered_completemissionalerts_t12"
              ]
            },
            {
              "poolName": "holdfastdaily_part1_01",
              "nextRefresh": "2020-02-06T19:05:26.902Z",
              "rerollsRemaining": 0,
              "questHistory": [
                "Quest:s11_holdfastquest_d1_construct",
                "Quest:s11_holdfastquest_d1_cramp",
                "Quest:s11_holdfastquest_d1_burner",
                "Quest:s11_holdfastquest_d1_burner",
                "Quest:s11_holdfastquest_d1_ice",
                "Quest:s11_holdfastquest_d1_burner",
                "Quest:s11_holdfastquest_d1_construct",
                "Quest:s11_holdfastquest_d1_construct",
                "Quest:s11_holdfastquest_d1_cramp"
              ]
            },
            {
              "poolName": "starlightdailyquest_01",
              "nextRefresh": "2020-02-06T19:05:26.903Z",
              "rerollsRemaining": 1,
              "questHistory": []
            },
            {
              "poolName": "dailywargamescanny_01",
              "nextRefresh": "2020-02-06T19:05:26.901Z",
              "rerollsRemaining": 1,
              "questHistory": []
            },
            {
              "poolName": "dailywargamesplankerton_01",
              "nextRefresh": "2020-02-06T19:05:26.901Z",
              "rerollsRemaining": 1,
              "questHistory": []
            }
          ],
          "dailyLoginInterval": "2020-02-05T19:05:26.904Z",
          "poolLockouts": {
            "poolLockouts": [
              {
                "lockoutName": "Weekly"
              }
            ]
          }
        }
      },
      "legacy_research_points_spent": 287140,
      "gameplay_stats": [
        {
          "statName": "zonescompleted",
          "statValue": 566
        }
      ],
      "permissions": [],
      "unslot_mtx_spend": 300,
      "twitch": {},
      "client_settings": {
        "pinnedQuestInstances": []
      },
      "research_levels": {
        "technology": 5000,
        "fortitude": 5000,
        "offense": 5000,
        "resistance": 5000
      },
      "level": 300,
      "xp_overflow": 0,
      "latent_xp_marker": "4977938",
      "event_currency": {
        "templateId": "AccountResource:eventcurrency_snowballs",
        "cf": 9111182
      },
      "inventory_limit_bonus": 0,
      "matches_played": 0,
      "xp_lost": 0,
      "mode_loadouts": [],
      "daily_rewards": {
        "nextDefaultReward": 69,
        "totalDaysLoggedIn": 69,
        "lastClaimDate": "2021-01-04T01:16:50.760Z",
        "additionalSchedules": {
          "founderspackdailyrewardtoken": {
            "rewardsClaimed": 69,
            "claimedToday": true
          }
        }
      },
      "last_applied_loadout": "CosmeticLocker:cosmeticlocker_stw_1",
      "xp": 5940875,
      "packs_granted": 1056,
      "active_loadout_index": 0
    }
  },
  "commandRevision": 617
}